CREATE DATABASE  `tesis2020`;
USE `tesis2020`;

/*Table structure for table `lectura` */

DROP TABLE IF EXISTS `lectura`;

CREATE TABLE `lectura` (
  `id` int(6) NOT NULL AUTO_INCREMENT,
  `ubicacion_id` int(6) DEFAULT NULL,
  `fecha_hora` datetime DEFAULT NULL,
  `sensor_1` tinyint(2) DEFAULT NULL,
  `sensor_8` int(2) DEFAULT NULL,
  `sensor_5` tinyint(2) DEFAULT NULL,
  `sensor_4` int(2) DEFAULT NULL,
  PRIMARY KEY (`id`)
) ENGINE=InnoDB AUTO_INCREMENT=313 DEFAULT CHARSET=utf8;

/*Data for the table `lectura` */

insert  into `lectura`(`id`,`ubicacion_id`,`fecha_hora`,`sensor_1`,`sensor_8`,`sensor_5`,`sensor_4`) values (2,2,'2023-09-06 08:41:55',0,24,1,47),(3,1,'2023-09-06 08:42:15',0,40,1,49),(4,3,'2023-09-06 08:42:35',0,34,1,45),(5,1,'2023-09-06 08:42:55',0,37,0,32),(6,3,'2023-09-06 08:43:15',1,38,0,50),(7,2,'2023-09-06 08:43:35',1,46,1,51),(8,1,'2023-09-06 08:43:55',0,50,0,86),(9,1,'2023-09-06 08:44:15',0,27,0,46),(10,1,'2023-09-06 08:44:35',1,53,0,27),(11,1,'2023-10-18 11:25:02',1,41,0,47),(12,3,'2023-10-18 11:34:04',1,30,1,39),(13,2,'2023-10-18 11:34:24',0,22,1,55),(14,2,'2023-10-18 11:34:44',0,37,0,29),(15,3,'2023-10-18 11:35:04',0,48,1,32),(16,2,'2023-10-18 14:46:25',0,25,0,74),(17,1,'2023-10-18 14:46:45',0,30,0,29),(18,2,'2023-10-18 14:47:05',0,26,1,43),(19,3,'2023-10-18 14:47:25',0,40,0,98),(20,1,'2023-10-18 14:47:45',1,23,1,28),(21,3,'2023-10-18 14:48:53',0,23,0,50),(22,2,'2023-10-18 14:49:53',1,47,0,24),(23,2,'2023-10-18 14:50:53',1,23,1,66),(24,2,'2023-10-18 14:51:53',1,60,1,57),(25,1,'2023-10-18 14:52:53',1,58,0,51),(26,3,'2023-10-18 14:53:53',0,40,0,63),(27,3,'2023-10-18 14:54:53',0,44,0,26),(28,2,'2023-10-18 14:55:06',1,30,1,21),(29,2,'2023-10-23 10:32:37',0,22,1,66),(30,1,'2023-10-23 10:32:57',0,30,1,73),(31,2,'2023-10-23 10:33:17',0,48,1,24),(32,2,'2023-10-23 10:33:37',0,45,1,79),(33,2,'2023-10-23 10:33:57',1,45,0,99),(34,3,'2023-10-23 10:34:17',1,60,1,28),(35,3,'2023-10-23 10:34:37',1,35,1,87),(36,1,'2023-10-23 10:34:57',1,24,0,79),(37,3,'2023-10-23 10:35:17',1,40,0,78),(38,3,'2023-10-23 10:35:37',0,44,1,27),(39,2,'2023-10-23 10:35:57',1,46,1,67),(40,2,'2023-10-23 10:36:17',1,32,0,61),(41,1,'2023-10-23 10:36:37',1,54,1,41),(42,3,'2023-10-23 10:36:57',0,27,0,45),(43,2,'2023-10-23 10:37:17',1,20,1,75),(44,1,'2023-10-23 10:37:37',0,25,0,40),(45,2,'2023-10-23 10:37:57',0,59,1,77),(46,2,'2023-10-23 10:38:17',0,22,1,61),(47,3,'2023-10-23 10:38:37',1,25,1,90),(48,3,'2023-10-23 10:38:57',1,55,1,59),(49,1,'2023-10-23 10:39:17',0,34,1,38),(50,2,'2023-10-23 10:39:37',1,32,0,55),(51,2,'2023-10-23 10:39:57',0,41,1,97),(52,2,'2023-10-23 10:40:17',0,22,0,26),(53,1,'2023-10-23 10:40:37',1,51,0,34),(54,2,'2023-10-23 10:40:57',1,33,1,98),(55,2,'2023-10-23 10:41:17',0,29,0,56),(56,2,'2023-10-23 10:41:37',1,34,0,71),(57,1,'2023-10-23 10:41:57',0,59,0,83),(58,2,'2023-10-23 10:42:17',1,49,1,45),(59,3,'2023-10-23 10:42:37',0,39,0,94),(60,2,'2023-10-23 10:42:57',0,33,1,85),(61,3,'2023-10-23 10:43:17',0,26,1,50),(62,2,'2023-10-23 10:43:37',1,36,1,55),(63,2,'2023-10-23 10:43:57',1,59,1,76),(64,3,'2023-10-23 10:44:17',0,56,0,32),(65,3,'2023-10-23 10:44:38',1,37,1,90),(66,3,'2023-10-23 10:44:58',0,28,1,49),(67,1,'2023-10-23 10:45:18',1,33,0,87),(68,1,'2023-10-23 10:45:38',1,56,1,25),(69,1,'2023-10-23 10:45:58',0,60,1,47),(70,3,'2023-10-23 10:46:18',0,47,1,34),(71,2,'2023-10-23 10:46:38',1,39,1,24),(72,1,'2023-10-23 10:46:58',0,41,1,66),(73,3,'2023-10-23 10:47:18',0,27,1,92),(74,1,'2023-10-23 10:47:38',1,42,1,89),(75,3,'2023-10-23 10:47:58',1,27,0,99),(76,2,'2023-10-23 10:48:18',1,38,0,93),(77,3,'2023-10-23 10:48:38',1,32,1,70),(78,2,'2023-10-23 10:48:58',1,43,0,89),(79,3,'2023-10-23 10:49:18',0,35,0,97),(80,2,'2023-10-23 10:49:38',1,40,0,55),(81,2,'2023-10-23 10:49:58',1,39,0,90),(82,3,'2023-10-23 10:50:18',0,41,1,40),(83,3,'2023-10-23 10:50:38',1,42,0,93),(84,2,'2023-10-23 10:50:58',0,51,1,63),(85,3,'2023-10-23 10:51:18',0,39,1,20),(86,1,'2023-10-23 10:51:38',1,27,0,36),(87,3,'2023-10-23 10:51:58',0,35,0,71),(88,1,'2023-10-23 10:52:18',1,47,0,40),(89,2,'2023-10-23 10:52:38',0,24,1,72),(90,2,'2023-10-23 10:52:58',0,34,0,49),(91,1,'2023-10-23 10:53:18',0,32,0,48),(92,2,'2023-10-23 10:53:38',1,49,1,49),(93,1,'2023-10-23 10:53:58',0,32,1,69),(94,2,'2023-10-23 10:54:18',1,26,0,36),(95,2,'2023-10-23 10:54:38',0,39,0,30),(96,1,'2023-10-23 10:54:58',1,49,0,84),(97,3,'2023-10-23 10:55:18',1,34,0,58),(98,2,'2023-10-23 10:55:38',0,47,1,86),(99,1,'2023-10-23 10:55:58',1,58,1,89),(100,3,'2023-10-23 10:56:18',1,24,0,52),(101,1,'2023-10-23 10:56:38',1,55,0,25),(102,3,'2023-10-23 10:56:58',1,31,0,77),(103,1,'2023-10-23 10:57:18',1,30,0,93),(104,1,'2023-10-23 10:57:38',0,42,1,41),(105,1,'2023-10-23 10:57:58',0,35,0,26),(106,3,'2023-10-23 10:58:18',0,55,1,51),(107,3,'2023-10-23 10:58:38',1,29,1,70),(108,1,'2023-10-23 10:58:58',1,43,1,26),(109,3,'2023-10-23 10:59:18',0,51,1,74),(110,3,'2023-10-23 10:59:38',1,31,0,91),(111,2,'2023-10-23 10:59:58',1,38,0,96),(112,3,'2023-10-23 11:00:18',0,29,0,21),(113,3,'2023-10-23 11:00:38',0,24,0,28),(114,2,'2023-10-23 11:00:58',1,47,0,96),(115,3,'2023-10-23 11:01:18',0,49,1,41),(116,2,'2023-10-23 11:01:38',0,37,0,32),(117,1,'2023-10-23 11:01:58',1,31,0,36),(118,1,'2023-10-23 11:02:18',0,31,0,53),(119,3,'2023-10-23 11:02:38',0,31,0,72),(120,2,'2023-10-23 11:02:58',1,55,0,75),(121,3,'2023-10-23 11:03:18',1,55,0,66),(122,1,'2023-10-23 11:03:38',1,57,1,20),(123,1,'2023-10-23 11:03:58',1,23,0,44),(124,1,'2023-10-23 11:04:18',0,48,1,69),(125,1,'2023-10-23 11:04:38',0,34,1,73),(126,1,'2023-10-23 11:04:58',0,51,0,22),(127,2,'2023-10-23 11:05:18',0,41,1,43),(128,1,'2023-10-23 11:05:38',0,57,0,98),(129,1,'2023-10-23 11:05:58',1,45,0,40),(130,2,'2023-10-23 11:06:18',1,24,0,81),(131,3,'2023-10-23 11:06:38',0,47,1,57),(132,1,'2023-10-23 11:06:58',1,51,0,42),(133,1,'2023-10-23 11:07:18',1,50,1,33),(134,3,'2023-10-23 11:07:38',1,51,0,21),(135,3,'2023-10-23 11:07:58',1,58,0,55),(136,2,'2023-10-23 11:08:18',0,42,1,66),(137,1,'2023-10-23 11:08:38',1,45,1,40),(138,1,'2023-10-23 11:08:58',0,47,0,44),(139,3,'2023-10-23 11:09:18',0,34,0,81),(140,3,'2023-10-23 11:09:38',1,22,1,39),(141,2,'2023-10-23 11:09:58',1,52,0,65),(142,3,'2023-10-23 11:10:18',1,42,1,84),(143,1,'2023-10-23 11:10:38',0,20,0,30),(144,2,'2023-10-23 11:10:58',1,26,1,85),(145,2,'2023-10-23 11:11:18',1,28,0,39),(146,1,'2023-10-23 11:11:38',0,49,0,26),(147,3,'2023-10-23 11:11:58',1,59,1,62),(148,2,'2023-10-23 11:12:18',0,32,1,26),(149,1,'2023-10-23 11:12:38',1,37,0,63),(150,1,'2023-10-23 11:12:58',0,33,1,44),(151,3,'2023-10-23 11:13:19',1,47,0,54),(152,3,'2023-10-23 11:13:39',0,29,0,55),(153,3,'2023-10-23 11:13:59',0,50,1,80),(154,2,'2023-10-23 11:14:20',0,50,0,86),(155,3,'2023-10-24 10:33:14',0,39,1,45),(156,2,'2023-10-24 10:33:34',1,34,1,49),(157,1,'2023-10-24 10:33:54',1,20,1,57),(158,2,'2023-10-24 10:34:14',1,35,1,22),(159,2,'2023-10-24 10:34:34',0,25,1,34),(160,2,'2023-10-24 10:34:54',1,52,1,86),(161,1,'2023-10-24 10:35:14',0,32,1,69),(162,3,'2023-10-24 10:35:34',0,54,1,48),(163,3,'2023-10-24 10:35:55',0,29,0,71),(164,1,'2023-10-24 10:36:15',1,20,0,69),(165,3,'2023-10-24 10:36:35',0,55,0,85),(166,3,'2023-10-24 10:36:55',0,29,1,40),(167,1,'2023-10-24 10:37:15',0,23,0,72),(168,2,'2023-10-24 10:37:35',1,59,0,24),(169,3,'2023-10-24 10:37:55',1,25,1,76),(170,2,'2023-10-24 10:38:15',1,53,0,70),(171,1,'2023-10-24 10:38:35',0,41,1,93),(172,1,'2023-10-24 10:38:55',1,58,1,24),(173,2,'2023-10-24 10:39:15',0,44,1,65),(174,3,'2023-10-24 10:39:35',0,40,0,43),(175,1,'2023-10-24 10:39:55',1,59,1,61),(176,2,'2023-10-24 10:40:15',1,21,1,28),(177,2,'2023-10-24 10:40:35',1,29,1,69),(178,2,'2023-10-24 10:40:55',0,21,1,77),(179,1,'2023-10-24 10:41:15',0,35,0,41),(180,1,'2023-10-24 10:41:35',0,51,1,46),(181,3,'2023-10-24 10:41:55',0,36,1,36),(182,2,'2023-10-24 10:42:15',0,54,0,76),(183,2,'2023-10-24 10:42:35',0,33,1,77),(184,2,'2023-10-24 10:42:55',0,58,0,37),(185,1,'2023-10-24 10:43:15',1,25,0,45),(186,2,'2023-10-24 10:43:35',0,25,0,61),(187,1,'2023-10-24 10:43:55',1,27,0,92),(188,3,'2023-10-24 10:44:15',1,30,1,91),(189,1,'2023-10-24 10:44:35',0,58,1,63),(190,1,'2023-10-24 10:44:56',1,21,1,48),(191,1,'2023-10-24 10:45:16',0,58,1,61),(192,1,'2023-10-24 10:45:36',1,30,0,88),(193,3,'2023-10-24 10:45:56',0,43,1,86),(194,3,'2023-10-24 10:46:02',0,48,0,68),(195,3,'2023-10-24 10:46:16',1,56,1,91),(196,1,'2023-10-24 10:46:22',1,48,1,82),(197,1,'2023-10-24 10:46:36',1,26,0,95),(198,1,'2023-10-24 10:46:42',1,20,1,88),(199,3,'2023-10-24 10:46:56',1,25,1,89),(200,1,'2023-10-24 10:47:02',0,50,1,75),(201,3,'2023-10-24 10:47:16',0,45,0,20),(202,3,'2023-10-24 10:47:22',0,55,0,85),(203,3,'2023-10-24 10:47:36',1,32,1,85),(204,1,'2023-10-24 10:47:56',1,41,1,80),(205,2,'2023-10-24 10:48:16',0,42,0,56),(206,3,'2023-10-24 10:48:27',0,38,0,47),(207,3,'2023-10-24 10:48:36',1,54,0,32),(208,3,'2023-10-24 10:48:56',0,44,0,49),(209,3,'2023-10-24 10:49:16',0,44,1,24),(210,2,'2023-10-24 10:49:16',1,51,0,34),(211,1,'2023-10-24 10:49:21',1,23,1,21),(212,1,'2023-10-24 10:49:36',1,39,0,26),(213,2,'2023-10-24 10:49:42',1,33,0,41),(214,3,'2023-10-24 10:49:56',0,25,0,69),(215,2,'2023-10-24 10:50:02',1,33,0,78),(216,1,'2023-10-24 10:50:16',0,36,0,71),(217,1,'2023-10-24 10:50:22',1,31,0,81),(218,2,'2023-10-24 10:50:36',0,41,0,80),(219,1,'2023-10-24 10:50:56',1,21,0,87),(220,3,'2023-10-24 10:51:16',1,59,0,38),(221,3,'2023-10-24 10:51:27',0,48,1,40),(222,1,'2023-10-24 10:51:36',0,47,1,59),(223,2,'2023-10-24 10:51:56',0,20,0,31),(224,3,'2023-10-24 10:52:16',0,25,1,84),(225,1,'2023-10-24 10:52:27',0,47,1,46),(226,2,'2023-10-24 10:52:36',1,27,0,84),(227,2,'2023-10-24 10:52:56',0,26,1,25),(228,2,'2023-10-24 10:53:16',0,56,0,38),(229,2,'2023-10-24 10:53:27',1,44,1,79),(230,2,'2023-10-24 10:53:36',1,20,1,31),(231,2,'2023-10-24 10:53:42',0,24,0,86),(232,2,'2023-10-24 10:53:56',0,20,0,48),(233,1,'2023-10-24 10:54:02',0,27,1,53),(234,3,'2023-10-24 10:54:16',1,43,0,54),(235,1,'2023-10-24 10:54:22',0,46,0,61),(236,1,'2023-10-24 10:54:36',1,37,1,95),(237,2,'2023-10-24 10:54:56',1,48,0,60),(238,1,'2023-10-24 10:55:16',0,31,0,63),(239,2,'2023-10-24 10:55:27',1,22,0,26),(240,2,'2023-10-24 10:55:36',1,46,0,83),(241,3,'2023-10-24 10:55:56',0,52,0,41),(242,2,'2023-10-24 10:56:16',0,29,1,56),(243,2,'2023-10-24 10:56:27',1,60,1,55),(244,1,'2023-10-24 10:56:36',0,50,0,48),(245,2,'2023-10-24 10:56:56',1,34,1,23),(246,1,'2023-10-24 10:57:27',0,58,1,89),(247,3,'2023-10-24 10:57:45',1,57,0,62),(248,1,'2023-10-24 10:58:05',1,46,0,34),(249,2,'2023-10-24 10:58:25',1,35,0,82),(250,1,'2023-10-24 10:58:27',0,42,1,35),(251,1,'2023-10-24 10:58:45',1,24,0,53),(252,3,'2023-10-24 10:59:05',0,59,1,98),(253,2,'2023-10-24 10:59:25',1,58,0,34),(254,1,'2023-10-24 10:59:27',0,42,1,73),(255,2,'2023-10-24 11:01:27',0,52,0,40),(256,3,'2023-10-24 11:01:48',0,21,1,52),(257,2,'2023-10-24 11:02:08',1,26,0,96),(258,2,'2023-10-24 11:02:27',0,42,1,31),(259,3,'2023-10-24 11:02:28',0,26,1,81),(260,3,'2023-10-24 11:02:48',1,40,1,22),(261,2,'2023-10-24 11:03:08',1,25,0,83),(262,2,'2023-10-24 11:03:27',1,34,1,20),(263,3,'2023-10-24 11:03:28',0,60,1,93),(264,1,'2023-10-24 11:03:48',1,21,0,91),(265,3,'2023-10-24 11:04:08',1,51,1,24),(266,2,'2023-10-24 11:04:27',0,43,0,40),(267,2,'2023-10-24 11:04:28',0,25,0,85),(268,3,'2023-10-24 11:04:48',1,52,1,42),(269,1,'2023-10-24 11:05:08',0,48,1,89),(270,1,'2023-10-24 11:05:27',1,47,1,88),(271,1,'2023-10-24 11:05:29',1,27,0,99),(272,1,'2023-10-24 11:05:49',1,20,0,48),(273,3,'2023-10-24 11:06:09',0,25,1,60),(274,1,'2023-10-24 11:06:27',0,25,1,26),(275,3,'2023-10-24 11:06:29',0,54,0,56),(276,1,'2023-10-24 11:06:49',1,29,1,80),(277,2,'2023-10-24 11:07:09',0,46,1,85),(278,1,'2023-10-24 11:07:27',1,39,0,90),(279,2,'2023-10-24 11:07:29',0,49,0,20),(280,1,'2023-10-24 11:07:49',1,55,1,55),(281,3,'2023-10-24 11:08:09',0,42,1,37),(282,1,'2023-10-24 11:08:27',0,59,1,95),(283,1,'2023-10-24 11:08:29',0,33,0,91),(284,1,'2023-10-24 11:08:49',0,36,1,42),(285,1,'2023-10-24 11:09:09',0,47,1,89),(286,1,'2023-10-24 11:09:27',0,54,1,94),(287,2,'2023-10-24 11:09:29',1,41,1,68),(288,2,'2023-10-24 11:09:49',0,41,1,92),(289,3,'2023-10-24 11:10:09',1,40,0,49),(290,1,'2023-10-24 11:10:27',0,22,1,62),(291,2,'2023-10-24 11:10:29',1,58,1,91),(292,3,'2023-10-24 11:10:49',0,34,0,71),(293,2,'2023-10-24 11:11:09',1,22,1,79),(294,3,'2023-10-24 11:11:27',1,53,1,73),(295,3,'2023-10-24 11:11:29',1,39,0,94),(296,2,'2023-10-24 11:11:49',0,39,1,36),(297,1,'2023-10-24 11:12:09',0,44,1,97),(298,1,'2023-10-24 11:12:27',0,34,1,36),(299,1,'2023-10-24 11:12:29',0,52,1,63),(300,3,'2023-10-24 11:12:49',1,40,0,37),(301,1,'2023-10-24 11:13:01',1,36,0,68),(302,1,'2023-10-24 11:13:09',1,37,1,89),(303,1,'2023-10-24 11:13:29',0,56,1,91),(304,3,'2023-10-24 11:13:49',1,41,1,20),(305,2,'2023-10-24 11:14:09',0,33,1,71),(306,3,'2023-10-24 11:14:29',0,37,0,30),(307,3,'2023-10-24 11:14:49',1,26,0,43),(308,2,'2023-10-24 11:15:09',0,20,0,40),(309,2,'2023-10-24 11:15:29',0,42,0,27),(310,2,'2023-10-24 11:15:49',0,28,0,88),(311,2,'2023-10-24 11:16:09',0,43,1,22),(312,3,'2023-10-24 11:16:29',1,34,0,49);



/*Table structure for table `permiso` */

DROP TABLE IF EXISTS `permiso`;

CREATE TABLE `permiso` (
  `idpermiso` int(4) NOT NULL AUTO_INCREMENT,
  `nombre` varchar(70) DEFAULT NULL,
  PRIMARY KEY (`idpermiso`)
) ENGINE=InnoDB AUTO_INCREMENT=10 DEFAULT CHARSET=utf8;

/*Data for the table `permiso` */

insert  into `permiso`(`idpermiso`,`nombre`) values (1,'Usuario'),(2,'Dataset'),(3,'Preguntas'),(4,'Respuestas'),(5,'Criterios'),(6,'Subcriterios'),(7,'Permisos'),(8,'Evaluacion'),(9,'Resultado');

/*Table structure for table `sensor` */

DROP TABLE IF EXISTS `sensor`;

CREATE TABLE `sensor` (
  `id` int(4) NOT NULL AUTO_INCREMENT,
  `codigo` varchar(255) DEFAULT NULL,
  `descripcion` varchar(255) DEFAULT NULL,
  `tipovalor` varchar(255) DEFAULT NULL,
  `prioridad` double DEFAULT NULL,
  `valormin` varchar(255) DEFAULT NULL,
  `valormax` varchar(255) DEFAULT NULL,
  `alerta` varchar(255) DEFAULT NULL,
  `comentarios` varchar(250) DEFAULT NULL,
  PRIMARY KEY (`id`)
) ENGINE=InnoDB AUTO_INCREMENT=10 DEFAULT CHARSET=utf8;

/*Data for the table `sensor` */

insert  into `sensor`(`id`,`codigo`,`descripcion`,`tipovalor`,`prioridad`,`valormin`,`valormax`,`alerta`,`comentarios`) values (1,'sensor_1','Sensor de llama Ky-026','Booleano',1,'FALSE','TRUE','red','Sensor 1 – de llama o fuego – booleano - True o False  - Prioridad 1'),(2,'sensor_2','Sensor Polvo Gp2y1014','Double',0,NULL,NULL,NULL,NULL),(3,'sensor_3','Módulo GPS NEO-6M','String',0,NULL,NULL,NULL,NULL),(4,'sensor_4','Sensor De Humedad Y Temperatura Dht22 ','Double o con librería String',4,NULL,NULL,NULL,'Sensor 4 – de Humedad – numérico -  ¿me falta los valores de referencia?  - Prioridad 4'),(5,'sensor_5','Sensor Detector Movimiento Infrarrojo Sr501','Booleano',3,'FALSE','TRUE','red','Sensor 5 – de movimiento – booleano -  True o False  - Prioridad 3'),(6,'sensor_6','Sensor De Luz Ambiental Breakout Temt6000 ','double',0,NULL,NULL,NULL,NULL),(7,'sensor_7','Sensor Metano Butano Humo Mq2','double',0,NULL,NULL,NULL,NULL),(8,'sensor_8','Sensor De Temperatura Infrarrojo Mlx90614 ','Double',2,'49','50','red','Sensor 8 – de temperatura –  numérico - valores mayores a 50º   - Prioridad 2'),(9,'sensor_9','Sensor Ultrasonido HC-SR04','Mide distancia. Double',0,NULL,NULL,NULL,NULL);


/*Table structure for table `ubicacion` */

DROP TABLE IF EXISTS `ubicacion`;

CREATE TABLE `ubicacion` (
  `id` int(6) NOT NULL AUTO_INCREMENT,
  `nombre` varchar(90) DEFAULT NULL,
  `domicilio` varchar(90) DEFAULT NULL,
  `departamento` varchar(90) DEFAULT NULL,
  `latitud` varchar(90) DEFAULT NULL,
  `longitud` varchar(90) DEFAULT NULL,
  PRIMARY KEY (`id`)
) ENGINE=InnoDB AUTO_INCREMENT=4 DEFAULT CHARSET=utf8;

/*Data for the table `ubicacion` */

insert  into `ubicacion`(`id`,`nombre`,`domicilio`,`departamento`,`latitud`,`longitud`) values (1,'Centro Civico','Libertador y España','Capital','-31.536160','-68.537441'),(2,'Centro Cultural Conte Grand','San Luis, Las Heras Norte y, J5400 San Juan','Capital','-31.5351038','-68.5403271'),(3,'Museo Provincial de Bellas Artes Franklin Rawson','Av. Libertador Gral. San Martín 902, San Juan','Capital','-31.5355123','-68.5400917');

/*Table structure for table `usuario` */

DROP TABLE IF EXISTS `usuario`;

CREATE TABLE `usuario` (
  `id` int(11) NOT NULL AUTO_INCREMENT,
  `nombre` varchar(100) NOT NULL,
  `tipo_documento` varchar(20) NOT NULL,
  `num_documento` varchar(20) NOT NULL,
  `direccion` varchar(70) DEFAULT NULL,
  `telefono` varchar(20) DEFAULT NULL,
  `email` varchar(50) DEFAULT NULL,
  `cargo` varchar(20) DEFAULT NULL,
  `usuario` varchar(20) NOT NULL,
  `clave` varchar(64) NOT NULL,
  `imagen` varchar(50) NOT NULL,
  `condicion` tinyint(1) NOT NULL DEFAULT '1',
  PRIMARY KEY (`id`),
  UNIQUE KEY `login_UNIQUE` (`usuario`)
) ENGINE=InnoDB AUTO_INCREMENT=2 DEFAULT CHARSET=latin1;

/*Data for the table `usuario` */

insert  into `usuario`(`id`,`nombre`,`tipo_documento`,`num_documento`,`direccion`,`telefono`,`email`,`cargo`,`usuario`,`clave`,`imagen`,`condicion`) values (1,'rmolina','DNI','xxxxxxxxxxxx','xxxxxxxxxxx','931742904','robertomolina999@hotmail.com','','admin','202cb962ac59075b964b07152d234b70','1526654254.png',1);

/*Table structure for table `usuario_permiso` */

DROP TABLE IF EXISTS `usuario_permiso`;

CREATE TABLE `usuario_permiso` (
  `idusuario_permiso` int(11) NOT NULL AUTO_INCREMENT,
  `idusuario` int(11) DEFAULT NULL,
  `idpermiso` int(11) DEFAULT NULL,
  PRIMARY KEY (`idusuario_permiso`)
) ENGINE=InnoDB DEFAULT CHARSET=utf8;

/*Data for the table `usuario_permiso` */

/*!40101 SET SQL_MODE=@OLD_SQL_MODE */;
/*!40014 SET FOREIGN_KEY_CHECKS=@OLD_FOREIGN_KEY_CHECKS */;
/*!40014 SET UNIQUE_CHECKS=@OLD_UNIQUE_CHECKS */;
/*!40111 SET SQL_NOTES=@OLD_SQL_NOTES */;
